Time, Height
2.5,51.00755708
3.0,89.03858842
3.5,91.35385134
4.0,92.5865148
4.5,138.1915824
5.0,167.3058012
5.5,195.8836167
6.0,209.003063
6.5,230.1820238
7.0,299.9480733
