Time, Height
3.05,69.9889608526
4.05,103.581314846
5.25,185.821077897
6.15,241.454623019
6.55,271.128262802
7.45,314.277562493
7.95,366.91930427
8.55,409.251568084
9.05,474.648328155
